{
	"frames": [
		{
			"filename": "alien_1.png",
			"frame": {
				"x": 10,
				"y": 10,
				"w": 23,
				"h": 23
			},
			"rotated": false,
			"trimmed": false,
			"spriteSourceSize": {
				"x": 0,
				"y": 0,
				"w": 23,
				"h": 23
			},
			"sourceSize": {
				"w": 23,
				"h": 23
			}
		},
		{
			"filename": "space__0001_A2.png",
			"frame": {
				"x": 53,
				"y": 10,
				"w": 23,
				"h": 23
			},
			"rotated": false,
			"trimmed": false,
			"spriteSourceSize": {
				"x": 0,
				"y": 0,
				"w": 23,
				"h": 23
			},
			"sourceSize": {
				"w": 23,
				"h": 23
			}
		},
		{
			"filename": "space__0002_B1.png",
			"frame": {
				"x": 96,
				"y": 10,
				"w": 30,
				"h": 22
			},
			"rotated": false,
			"trimmed": false,
			"spriteSourceSize": {
				"x": 0,
				"y": 0,
				"w": 30,
				"h": 22
			},
			"sourceSize": {
				"w": 30,
				"h": 22
			}
		},
		{
			"filename": "space__0003_B2.png",
			"frame": {
				"x": 146,
				"y": 10,
				"w": 30,
				"h": 22
			},
			"rotated": false,
			"trimmed": false,
			"spriteSourceSize": {
				"x": 0,
				"y": 0,
				"w": 30,
				"h": 22
			},
			"sourceSize": {
				"w": 30,
				"h": 22
			}
		},
		{
			"filename": "space__0004_C1.png",
			"frame": {
				"x": 196,
				"y": 10,
				"w": 30,
				"h": 20
			},
			"rotated": false,
			"trimmed": false,
			"spriteSourceSize": {
				"x": 0,
				"y": 0,
				"w": 30,
				"h": 20
			},
			"sourceSize": {
				"w": 30,
				"h": 20
			}
		},
		{
			"filename": "space__0005_C2.png",
			"frame": {
				"x": 246,
				"y": 10,
				"w": 30,
				"h": 20
			},
			"rotated": false,
			"trimmed": false,
			"spriteSourceSize": {
				"x": 0,
				"y": 0,
				"w": 30,
				"h": 20
			},
			"sourceSize": {
				"w": 30,
				"h": 20
			}
		}
	],
	"meta": {
		"app": "http://www.codeandweb.com/texturepacker",
		"version": "1.0",
		"image": "spritesheet.png",
		"format": "RGBA8888",
		"size": {
			"w": 286,
			"h": 43
		},
		"scale": "1"
	}
}